"Unemployment and median household income for the U.S., States, and counties, 2007-17",,,,,,,,,,,,,,,,,,,,,,,,,,,,,,,,,,,,,,,,,,,,,,,,,,,
,,,,,,,,,,,,,,,,,,,,,,,,,,,,,,,,,,,,,,,,,,,,,,,,,,,
Sources: Unemployment - Bureau of Labor Statistics - LAUS data - https://www.bls.gov/lau/,,,,,,,,,,,,,,,,,,,,,,,,,,,,,,,,,,,,,,,,,,,,,,,,,,,
Median Household Income - Census Bureau - SAIPE data - https://www.census.gov/did/www/saipe/,,,,,,,,,,,,,,,,,,,,,,,,,,,,,,,,,,,,,,,,,,,,,,,,,,,
"For definitions of rural classifications, see USDA, Economic Research Service - https://www.ers.usda.gov/topics/rural-economy-population/rural-classifications.aspx",,,,,,,,,,,,,,,,,,,,,,,,,,,,,,,,,,,,,,,,,,,,,,,,,,,
"This table was prepared by USDA, Economic Research Service. Contact: Tim Parker, tparker@ers.usda.gov. Last modified 5/24/2018.",,,,,,,,,,,,,,,,,,,,,,,,,,,,,,,,,,,,,,,,,,,,,,,,,,,
,,,,,,,,,,,,,,,,,,,,,,,,,,,,,,,,,,,,,,,,,,,,,,,,,,,
FIPStxt,State,Area_name,Rural_urban_continuum_code_2013,Urban_influence_code_2013,Metro_2013,Civilian_labor_force_2007,Employed_2007,Unemployed_2007,Unemployment_rate_2007,Civilian_labor_force_2008,Employed_2008,Unemployed_2008,Unemployment_rate_2008,Civilian_labor_force_2009,Employed_2009,Unemployed_2009,Unemployment_rate_2009,Civilian_labor_force_2010,Employed_2010,Unemployed_2010,Unemployment_rate_2010,Civilian_labor_force_2011,Employed_2011,Unemployed_2011,Unemployment_rate_2011,Civilian_labor_force_2012,Employed_2012,Unemployed_2012,Unemployment_rate_2012,Civilian_labor_force_2013,Employed_2013,Unemployed_2013,Unemployment_rate_2013,Civilian_labor_force_2014,Employed_2014,Unemployed_2014,Unemployment_rate_2014,Civilian_labor_force_2015,Employed_2015,Unemployed_2015,Unemployment_rate_2015,Civilian_labor_force_2016,Employed_2016,Unemployed_2016,Unemployment_rate_2016,Civilian_labor_force_2017,Employed_2017,Unemployed_2017,Unemployment_rate_2017,Median_Household_Income_2016,Med_HH_Income_Percent_of_State_Total_2016
06001,CA,"Alameda County, CA",1,1,1," 	745,198 "," 	710,144 "," 	35,054 ",4.7," 	756,411 "," 	709,426 "," 	46,985 ",6.2,760888,682852,78036,10.3," 	782,522 "," 	697,112 "," 	85,410 ",10.9," 	786,756 "," 	707,381 "," 	79,375 ",10.1," 	798,416 "," 	729,049 "," 	69,367 ",8.7," 	802,813 "," 	744,764 "," 	58,049 ",7.2," 	809,983 "," 	762,878 "," 	47,105 ",5.8," 	823,130 "," 	784,217 "," 	38,913 ",5," 	837,583 "," 	801,774 "," 	35,809 ",4.3,848335,817433,30902,3.6,"$89,472",132.1
06003,CA,"Alpine County, CA",8,4,0, 	493 , 	454 , 	39 ,7.9, 	465 , 	416 , 	49 ,10.5,446,383,63,14.1, 	542 , 	472 , 	70 ,12.9, 	593 , 	517 , 	76 ,12.8, 	544 , 	483 , 	61 ,11.2, 	526 , 	475 , 	51 ,9.7, 	512 , 	470 , 	42 ,8.2, 	546 , 	506 , 	40 ,7, 	557 , 	521 , 	36 ,6.5,538,505,33,6.1,"$57,481",84.9
06005,CA,"Amador County, CA",6,4,0," 	17,703 "," 	16,675 "," 	1,028 ",5.8," 	17,797 "," 	16,428 "," 	1,369 ",7.7,17817,15781,2036,11.4," 	15,507 "," 	13,326 "," 	2,181 ",14.1," 	15,095 "," 	13,040 "," 	2,055 ",13.6," 	14,672 "," 	12,873 "," 	1,799 ",12.3," 	14,449 "," 	12,959 "," 	1,490 ",10.3," 	14,382 "," 	13,188 "," 	1,194 ",8.3," 	14,343 "," 	13,396 ", 	947 ,7," 	14,574 "," 	13,706 ", 	868 ,6.0,14783,14059,724,4.9,"$59,789",88.3
06007,CA,"Butte County, CA",3,2,1," 	101,228 "," 	94,489 "," 	6,739 ",6.7," 	102,816 "," 	94,116 "," 	8,700 ",8.5,103739,91000,12739,12.3," 	102,568 "," 	88,322 "," 	14,246 ",13.9," 	100,647 "," 	86,891 "," 	13,756 ",13.7," 	100,990 "," 	88,718 "," 	12,272 ",12.2," 	101,748 "," 	91,263 "," 	10,485 ",10.3," 	101,483 "," 	92,708 "," 	8,775 ",8.6," 	101,337 "," 	94,074 "," 	7,263 ",7," 	101,987 "," 	95,246 "," 	6,741 ",6.6,102982,97066,5916,5.7,"$45,097",66.6
06009,CA,"Calaveras County, CA",6,6,0," 	20,725 "," 	19,394 "," 	1,331 ",6.4," 	20,621 "," 	18,831 "," 	1,790 ",8.7,20327,17563,2764,13.6," 	21,012 "," 	17,977 "," 	3,035 ",14.4," 	20,668 "," 	17,769 "," 	2,899 ",14.0," 	20,201 "," 	17,705 "," 	2,496 ",12.4," 	20,255 "," 	18,243 "," 	2,012 ",9.9," 	20,292 "," 	18,668 "," 	1,624 ",8.0," 	20,586 "," 	19,272 "," 	1,314 ",6," 	20,868 "," 	19,684 "," 	1,184 ",5.7,21184,20183,1001,4.7,"$57,990",85.6
06011,CA,"Colusa County, CA",6,4,0," 	10,217 "," 	9,015 "," 	1,202 ",11.8," 	10,495 "," 	9,042 "," 	1,453 ",13.8,11516,9490,2026,17.6," 	11,519 "," 	9,118 "," 	2,401 ",20.8," 	11,376 "," 	8,959 "," 	2,417 ",21.2," 	11,272 "," 	8,935 "," 	2,337 ",20.7," 	11,292 "," 	9,156 "," 	2,136 ",18.9," 	11,112 "," 	9,180 "," 	1,932 ",17.4," 	11,070 "," 	9,367 "," 	1,703 ",15," 	10,943 "," 	9,238 "," 	1,705 ",15.6,10759,9216,1543,14.3,"$54,861",81.0
06013,CA,"Contra Costa County, CA",1,1,1," 	514,317 "," 	490,220 "," 	24,097 ",4.7," 	523,720 "," 	491,147 "," 	32,573 ",6.2,524795,472577,52218,10.0," 	525,547 "," 	467,914 "," 	57,633 ",11.0," 	529,551 "," 	475,011 "," 	54,540 ",10.3," 	535,786 "," 	487,887 "," 	47,899 ",8.9," 	538,002 "," 	497,661 "," 	40,341 ",7.5," 	540,891 "," 	507,521 "," 	33,370 ",6.2," 	547,455 "," 	519,999 "," 	27,456 ",5," 	557,042 "," 	532,200 "," 	24,842 ",4.5,563863,542445,21418,3.8,"$90,920",134.3
06015,CA,"Del Norte County, CA",7,8,0," 	11,029 "," 	10,199 ", 	830 ,7.5," 	11,361 "," 	10,358 "," 	1,003 ",8.8,11679,10303,1376,11.8," 	10,931 "," 	9,489 "," 	1,442 ",13.2," 	10,895 "," 	9,446 "," 	1,449 ",13.3," 	10,496 "," 	9,076 "," 	1,420 ",13.5," 	10,330 "," 	9,107 "," 	1,223 ",11.8," 	9,954 "," 	8,952 "," 	1,002 ",10.1," 	9,876 "," 	9,033 ", 	843 ,9," 	9,788 "," 	9,051 ", 	737 ,7.5,9780,9151,629,6.4,"$39,458",58.3
06017,CA,"El Dorado County, CA",1,1,1," 	90,382 "," 	85,707 "," 	4,675 ",5.2," 	90,600 "," 	84,259 "," 	6,341 ",7.0,91670,81716,9954,10.9," 	91,129 "," 	80,002 "," 	11,127 ",12.2," 	89,690 "," 	79,188 "," 	10,502 ",11.7," 	89,051 "," 	79,958 "," 	9,093 ",10.2," 	88,598 "," 	81,063 "," 	7,535 ",8.5," 	88,114 "," 	81,968 "," 	6,146 ",7.0," 	88,350 "," 	83,326 "," 	5,024 ",6," 	89,088 "," 	84,512 "," 	4,576 ",5.1,89886,85966,3920,4.4,"$75,100",110.9
06019,CA,"Fresno County, CA",2,2,1," 	418,579 "," 	382,789 "," 	35,790 ",8.6," 	429,670 "," 	384,317 "," 	45,353 ",10.6,434044,370321,63723,14.7," 	439,593 "," 	366,221 "," 	73,372 ",16.7," 	443,509 "," 	370,224 "," 	73,285 ",16.5," 	440,031 "," 	373,457 "," 	66,574 ",15.1," 	437,908 "," 	379,850 "," 	58,058 ",13.3," 	439,300 "," 	388,435 "," 	50,865 ",11.6," 	441,364 "," 	396,410 "," 	44,954 ",10," 	446,128 "," 	403,719 "," 	42,409 ",9.5,449595,411525,38070,8.5,"$48,323",71.4
06021,CA,"Glenn County, CA",6,6,0," 	11,975 "," 	10,921 "," 	1,054 ",8.8," 	12,182 "," 	10,904 "," 	1,278 ",10.5,12579,10800,1779,14.1," 	13,218 "," 	11,180 "," 	2,038 ",15.4," 	13,167 "," 	11,124 "," 	2,043 ",15.5," 	13,148 "," 	11,283 "," 	1,865 ",14.2," 	12,990 "," 	11,418 "," 	1,572 ",12.1," 	12,834 "," 	11,466 "," 	1,368 ",10.7," 	12,988 "," 	11,856 "," 	1,132 ",9," 	12,992 "," 	11,909 "," 	1,083 ",8.3,12915,11952,963,7.5,"$46,141",68.1
06023,CA,"Humboldt County, CA",5,8,0," 	59,282 "," 	55,775 "," 	3,507 ",5.9," 	59,953 "," 	55,580 "," 	4,373 ",7.3,60835,54333,6502,10.7," 	66,061 "," 	59,084 "," 	6,977 ",10.6," 	65,106 "," 	58,228 "," 	6,878 ",10.6," 	64,279 "," 	58,120 "," 	6,159 ",9.6," 	63,055 "," 	57,947 "," 	5,108 ",8.1," 	62,505 "," 	58,346 "," 	4,159 ",6.7," 	62,454 "," 	58,964 "," 	3,490 ",6," 	62,635 "," 	59,548 "," 	3,087 ",4.9,63019,60380,2639,4.2,"$43,164",63.7
06025,CA,"Imperial County, CA",3,2,1," 	65,967 "," 	54,052 "," 	11,915 ",18.1," 	72,434 "," 	56,097 "," 	16,337 ",22.6,75569,54889,20680,27.4," 	78,665 "," 	55,978 "," 	22,687 ",28.8," 	79,456 "," 	56,524 "," 	22,932 ",28.9," 	79,265 "," 	57,586 "," 	21,679 ",27.4," 	78,271 "," 	58,670 "," 	19,601 ",25.0," 	78,445 "," 	59,598 "," 	18,847 ",24.0," 	78,162 "," 	59,351 "," 	18,811 ",24," 	76,993 "," 	58,789 "," 	18,204 ",23.6,73980,59875,14105,19.1,"$43,327",64.0
06027,CA,"Inyo County, CA",7,11,0," 	8,885 "," 	8,447 ", 	438 ,4.9," 	9,087 "," 	8,486 ", 	601 ,6.6,9388,8547,841,9.0," 	9,753 "," 	8,806 ", 	947 ,9.7," 	9,682 "," 	8,741 ", 	941 ,9.7," 	9,557 "," 	8,690 ", 	867 ,9.1," 	9,390 "," 	8,654 ", 	736 ,7.8," 	9,234 "," 	8,604 ", 	630 ,6.8," 	9,107 "," 	8,580 ", 	527 ,6," 	8,889 "," 	8,419 ", 	470 ,5.3,8682,8301,381,4.4,"$53,350",78.8
06029,CA,"Kern County, CA",2,2,1," 	345,187 "," 	316,959 "," 	28,228 ",8.2," 	359,141 "," 	323,808 "," 	35,333 ",9.8,362714,311707,51007,14.1," 	371,515 "," 	313,361 "," 	58,154 ",15.7," 	382,367 "," 	325,712 "," 	56,655 ",14.8," 	391,888 "," 	340,355 "," 	51,533 ",13.1," 	393,440 "," 	347,213 "," 	46,227 ",11.7," 	393,459 "," 	352,504 "," 	40,955 ",10.4," 	390,873 "," 	350,944 "," 	39,929 ",10," 	388,445 "," 	347,996 "," 	40,449 ",10.4,384944,349502,35442,9.2,"$49,812",73.6
06031,CA,"Kings County, CA",3,2,1," 	57,327 "," 	52,353 "," 	4,974 ",8.7," 	58,735 "," 	52,511 "," 	6,224 ",10.6,60489,51876,8613,14.2," 	59,440 "," 	49,857 "," 	9,583 ",16.1," 	59,123 "," 	49,718 "," 	9,405 ",15.9," 	58,807 "," 	50,049 "," 	8,758 ",14.9," 	58,198 "," 	50,387 "," 	7,811 ",13.4," 	57,578 "," 	50,717 "," 	6,861 ",11.9," 	57,873 "," 	51,797 "," 	6,076 ",11," 	57,348 "," 	51,628 "," 	5,720 ",10.0,57714,52595,5119,8.9,"$51,320",75.8
06033,CA,"Lake County, CA",4,5,0," 	24,041 "," 	22,010 "," 	2,031 ",8.4," 	24,525 "," 	21,910 "," 	2,615 ",10.7,25372,21565,3807,15.0," 	29,847 "," 	25,343 "," 	4,504 ",15.1," 	29,611 "," 	25,310 "," 	4,301 ",14.5," 	29,509 "," 	25,738 "," 	3,771 ",12.8," 	29,259 "," 	26,068 "," 	3,191 ",10.9," 	29,352 "," 	26,727 "," 	2,625 ",8.9," 	29,060 "," 	26,852 "," 	2,208 ",8," 	29,165 "," 	27,205 "," 	1,960 ",6.7,29714,28008,1706,5.7,"$40,818",60.3
06035,CA,"Lassen County, CA",7,8,0," 	12,436 "," 	11,422 "," 	1,014 ",8.2," 	12,820 "," 	11,592 "," 	1,228 ",9.6,13564,11893,1671,12.3," 	12,100 "," 	10,401 "," 	1,699 ",14.0," 	11,785 "," 	10,190 "," 	1,595 ",13.5," 	11,471 "," 	10,042 "," 	1,429 ",12.5," 	11,005 "," 	9,838 "," 	1,167 ",10.6," 	10,843 "," 	9,856 ", 	987 ,9.1," 	10,783 "," 	10,004 ", 	779 ,7," 	10,397 "," 	9,676 ", 	721 ,6.9,10005,9447,558,5.6,"$49,793",73.5
06037,CA,"Los Angeles County, CA",1,1,1," 	4,864,160 "," 	4,614,776 "," 	249,384 ",5.1," 	4,928,959 "," 	4,555,103 "," 	373,856 ",7.6,4914702,4345182,569520,11.6," 	4,917,375 "," 	4,302,274 "," 	615,101 ",12.5," 	4,928,464 "," 	4,327,923 "," 	600,541 ",12.2," 	4,915,263 "," 	4,378,392 "," 	536,871 ",10.9," 	4,967,167 "," 	4,482,594 "," 	484,573 ",9.8," 	5,004,087 "," 	4,591,068 "," 	413,019 ",8.3," 	5,002,332 "," 	4,671,098 "," 	331,234 ",7," 	5,054,938 "," 	4,789,505 "," 	265,433 ",5.3,5123933,4883640,240293,4.7,"$61,308",90.5
06039,CA,"Madera County, CA",3,2,1," 	63,365 "," 	58,620 "," 	4,745 ",7.5," 	65,020 "," 	58,861 "," 	6,159 ",9.5,66473,57597,8876,13.4," 	61,607 "," 	51,366 "," 	10,241 ",16.6," 	62,014 "," 	51,990 "," 	10,024 ",16.2," 	62,530 "," 	53,495 "," 	9,035 ",14.4," 	62,263 "," 	54,428 "," 	7,835 ",12.6," 	61,953 "," 	55,013 "," 	6,940 ",11.2," 	60,021 "," 	53,719 "," 	6,302 ",11," 	61,311 "," 	55,648 "," 	5,663 ",9.2,61443,56494,4949,8.1,"$49,467",73.1
06041,CA,"Marin County, CA",1,1,1," 	131,904 "," 	127,083 "," 	4,821 ",3.7," 	132,204 "," 	125,973 "," 	6,231 ",4.7,131981,122061,9920,7.5," 	133,012 "," 	122,570 "," 	10,442 ",7.9," 	134,576 "," 	124,801 "," 	9,775 ",7.3," 	136,911 "," 	128,310 "," 	8,601 ",6.3," 	138,367 "," 	131,216 "," 	7,151 ",5.2," 	139,122 "," 	133,186 "," 	5,936 ",4.3," 	139,512 "," 	134,572 "," 	4,940 ",4," 	140,306 "," 	135,710 "," 	4,596 ",3.3,141308,137270,4038,2.9,"$103,488",152.8
06043,CA,"Mariposa County, CA",8,7,0," 	9,061 "," 	8,515 ", 	546 ,6.0," 	9,273 "," 	8,574 ", 	699 ,7.5,9397,8431,966,10.3," 	8,709 "," 	7,582 "," 	1,127 ",12.9," 	8,661 "," 	7,520 "," 	1,141 ",13.2," 	8,375 "," 	7,352 "," 	1,023 ",12.2," 	8,229 "," 	7,363 ", 	866 ,10.5," 	8,110 "," 	7,398 ", 	712 ,8.8," 	8,027 "," 	7,454 ", 	573 ,7," 	7,594 "," 	7,073 ", 	521 ,6.9,7647,7196,451,5.9,"$51,233",75.7
06045,CA,"Mendocino County, CA",4,5,0," 	43,115 "," 	40,744 "," 	2,371 ",5.5," 	43,213 "," 	40,230 "," 	2,983 ",6.9,43306,38955,4351,10.0," 	41,601 "," 	36,772 "," 	4,829 ",11.6," 	40,953 "," 	36,284 "," 	4,669 ",11.4," 	40,953 "," 	36,841 "," 	4,112 ",10.0," 	40,837 "," 	37,425 "," 	3,412 ",8.4," 	40,479 "," 	37,647 "," 	2,832 ",7.0," 	39,930 "," 	37,609 "," 	2,321 ",6," 	39,752 "," 	37,655 "," 	2,097 ",5.3,40003,38210,1793,4.5,"$45,247",66.8
06047,CA,"Merced County, CA",2,2,1," 	99,843 "," 	89,797 "," 	10,046 ",10.1," 	102,153 "," 	89,245 "," 	12,908 ",12.6,105373,87863,17510,16.6," 	113,579 "," 	93,191 "," 	20,388 ",18.0," 	114,735 "," 	94,500 "," 	20,235 ",17.6," 	115,016 "," 	96,236 "," 	18,780 ",16.3," 	114,628 "," 	98,009 "," 	16,619 ",14.5," 	114,589 "," 	99,887 "," 	14,702 ",12.8," 	114,340 "," 	101,362 "," 	12,978 ",11," 	114,612 "," 	102,474 "," 	12,138 ",10.6,116088,105287,10801,9.3,"$47,442",70.1
06049,CA,"Modoc County, CA",6,6,0," 	3,896 "," 	3,582 ", 	314 ,8.1," 	3,937 "," 	3,555 ", 	382 ,9.7,4044,3555,489,12.1," 	3,818 "," 	3,237 ", 	581 ,15.2," 	3,620 "," 	3,042 ", 	578 ,16.0," 	3,612 "," 	3,092 ", 	520 ,14.4," 	3,503 "," 	3,073 ", 	430 ,12.3," 	3,374 "," 	3,028 ", 	346 ,10.3," 	3,305 "," 	3,022 ", 	283 ,9," 	3,303 "," 	3,045 ", 	258 ,7.8,3230,2970,260,8.0,"$42,890",63.3
06051,CA,"Mono County, CA",7,11,0," 	8,132 "," 	7,741 ", 	391 ,4.8," 	8,605 "," 	8,096 ", 	509 ,5.9,8736,7969,767,8.8," 	8,890 "," 	7,984 ", 	906 ,10.2," 	8,832 "," 	7,944 ", 	888 ,10.1," 	8,401 "," 	7,532 ", 	869 ,10.3," 	8,368 "," 	7,655 ", 	713 ,8.5," 	8,260 "," 	7,678 ", 	582 ,7.0," 	8,262 "," 	7,757 ", 	505 ,6," 	8,394 "," 	7,944 ", 	450 ,5.4,8568,8188,380,4.4,"$56,574",83.5
06053,CA,"Monterey County, CA",2,2,1," 	205,460 "," 	190,781 "," 	14,679 ",7.1," 	212,064 "," 	194,121 "," 	17,943 ",8.5,215363,190585,24778,11.5," 	215,788 "," 	188,339 "," 	27,449 ",12.7," 	216,558 "," 	189,146 "," 	27,412 ",12.7," 	217,796 "," 	192,600 "," 	25,196 ",11.6," 	216,380 "," 	194,075 "," 	22,305 ",10.3," 	218,226 "," 	198,499 "," 	19,727 ",9.0," 	218,811 "," 	201,110 "," 	17,701 ",8," 	219,506 "," 	202,695 "," 	16,811 ",7.7,220120,204309,15811,7.2,"$62,999",93.0
06055,CA,"Napa County, CA",3,2,1," 	73,232 "," 	70,286 "," 	2,946 ",4.0," 	75,546 "," 	71,677 "," 	3,869 ",5.1,75560,69240,6320,8.4," 	70,216 "," 	62,989 "," 	7,227 ",10.3," 	70,760 "," 	63,846 "," 	6,914 ",9.8," 	71,816 "," 	65,755 "," 	6,061 ",8.4," 	72,809 "," 	67,766 "," 	5,043 ",6.9," 	73,592 "," 	69,417 "," 	4,175 ",5.7," 	73,937 "," 	70,523 "," 	3,414 ",5," 	73,190 "," 	70,047 "," 	3,143 ",4.3,73873,71172,2701,3.7,"$73,112",108.0
06057,CA,"Nevada County, CA",4,3,0," 	50,125 "," 	47,719 "," 	2,406 ",4.8," 	50,353 "," 	47,033 "," 	3,320 ",6.6,50379,45205,5174,10.3," 	48,915 "," 	43,178 "," 	5,737 ",11.7," 	49,021 "," 	43,590 "," 	5,431 ",11.1," 	48,363 "," 	43,649 "," 	4,714 ",9.7," 	48,169 "," 	44,267 "," 	3,902 ",8.1," 	47,961 "," 	44,820 "," 	3,141 ",6.5," 	48,140 "," 	45,532 "," 	2,608 ",5," 	48,312 "," 	46,001 "," 	2,311 ",4.8,48659,46661,1998,4.1,"$60,501",89.3
06059,CA,"Orange County, CA",1,1,1," 	1,606,177 "," 	1,543,703 "," 	62,474 ",3.9," 	1,615,488 "," 	1,529,661 "," 	85,827 ",5.3,1589259,1451687,137572,8.7," 	1,537,187 "," 	1,387,438 "," 	149,749 ",9.7," 	1,546,389 "," 	1,406,411 "," 	139,978 ",9.1," 	1,562,136 "," 	1,439,270 "," 	122,866 ",7.9," 	1,565,334 "," 	1,462,270 "," 	103,064 ",6.6," 	1,572,653 "," 	1,486,383 "," 	86,270 ",5.5," 	1,588,764 "," 	1,517,820 "," 	70,944 ",5," 	1,602,461 "," 	1,537,686 "," 	64,775 ",4.0,1618828,1562201,56627,3.5,"$81,642",120.6
06061,CA,"Placer County, CA",1,1,1," 	172,478 "," 	164,247 "," 	8,231 ",4.8," 	176,976 "," 	165,485 "," 	11,491 ",6.5,179718,161416,18302,10.2," 	173,338 "," 	153,236 "," 	20,102 ",11.6," 	173,744 "," 	154,923 "," 	18,821 ",10.8," 	174,919 "," 	158,545 "," 	16,374 ",9.4," 	175,833 "," 	162,264 "," 	13,569 ",7.7," 	175,888 "," 	164,871 "," 	11,017 ",6.3," 	176,855 "," 	167,923 "," 	8,932 ",5," 	180,212 "," 	172,126 "," 	8,086 ",4.5,182169,175165,7004,3.8,"$85,326",126.0
06063,CA,"Plumas County, CA",7,12,0," 	9,948 "," 	9,099 ", 	849 ,8.5," 	9,812 "," 	8,774 "," 	1,038 ",10.6,10016,8475,1541,15.4," 	9,147 "," 	7,479 "," 	1,668 ",18.2," 	8,890 "," 	7,326 "," 	1,564 ",17.6," 	8,485 "," 	7,115 "," 	1,370 ",16.1," 	8,256 "," 	7,114 "," 	1,142 ",13.8," 	8,118 "," 	7,182 ", 	936 ,11.5," 	7,900 "," 	7,088 ", 	812 ,10," 	7,876 "," 	7,110 ", 	766 ,9.7,7803,7111,692,8.9,"$53,646",79.2
06065,CA,"Riverside County, CA",1,1,1," 	902,047 "," 	847,618 "," 	54,429 ",6.0," 	911,507 "," 	833,309 "," 	78,198 ",8.6,915787,795813,119974,13.1," 	976,444 "," 	841,285 "," 	135,159 ",13.8," 	978,514 "," 	849,635 "," 	128,879 ",13.2," 	987,076 "," 	872,251 "," 	114,825 ",11.6," 	996,411 "," 	897,722 "," 	98,689 ",9.9," 	1,013,481 "," 	930,412 "," 	83,069 ",8.2," 	1,035,694 "," 	966,338 "," 	69,356 ",7," 	1,052,648 "," 	988,171 "," 	64,477 ",6.1,1073843,1017591,56252,5.2,"$59,951",88.5
06067,CA,"Sacramento County, CA",1,1,1," 	675,800 "," 	639,075 "," 	36,725 ",5.4," 	679,394 "," 	630,283 "," 	49,111 ",7.2,681094,606070,75024,11.0," 	683,127 "," 	596,992 "," 	86,135 ",12.6," 	679,995 "," 	597,683 "," 	82,312 ",12.1," 	681,281 "," 	609,691 "," 	71,590 ",10.5," 	680,241 "," 	619,835 "," 	60,406 ",8.9," 	680,676 "," 	630,973 "," 	49,703 ",7.3," 	685,987 "," 	644,870 "," 	41,117 ",6," 	695,243 "," 	657,592 "," 	37,651 ",5.4,702049,669469,32580,4.6,"$59,728",88.2
06069,CA,"San Benito County, CA",1,1,1," 	24,005 "," 	22,269 "," 	1,736 ",7.2," 	24,840 "," 	22,435 "," 	2,405 ",9.7,24864,21392,3472,14.0," 	27,906 "," 	23,691 "," 	4,215 ",15.1," 	28,281 "," 	24,179 "," 	4,102 ",14.5," 	28,677 "," 	24,936 "," 	3,741 ",13.0," 	28,904 "," 	25,696 "," 	3,208 ",11.1," 	29,241 "," 	26,513 "," 	2,728 ",9.3," 	29,342 "," 	27,087 "," 	2,255 ",8," 	29,835 "," 	27,798 "," 	2,037 ",6.8,30317,28552,1765,5.8,"$73,298",108.2
06071,CA,"San Bernardino County, CA",1,1,1," 	862,191 "," 	813,867 "," 	48,324 ",5.6," 	862,104 "," 	792,836 "," 	69,268 ",8.0,857696,749142,108554,12.7," 	890,278 "," 	769,890 "," 	120,388 ",13.5," 	888,513 "," 	774,166 "," 	114,347 ",12.9," 	892,212 "," 	790,420 "," 	101,792 ",11.4," 	896,673 "," 	809,057 "," 	87,616 ",9.8," 	907,537 "," 	834,901 "," 	72,636 ",8.0," 	921,170 "," 	861,894 "," 	59,276 ",6," 	932,257 "," 	878,388 "," 	53,869 ",5.8,950765,904183,46582,4.9,"$56,194",83.0
06073,CA,"San Diego County, CA",1,1,1," 	1,515,351 "," 	1,446,347 "," 	69,004 ",4.6," 	1,545,849 "," 	1,452,608 "," 	93,241 ",6.0,1554333,1408347,145986,9.4," 	1,515,198 "," 	1,352,266 "," 	162,932 ",10.8," 	1,524,582 "," 	1,367,250 "," 	157,332 ",10.3," 	1,540,441 "," 	1,399,879 "," 	140,562 ",9.1," 	1,543,189 "," 	1,422,391 "," 	120,798 ",7.8," 	1,544,314 "," 	1,445,086 "," 	99,228 ",6.4," 	1,554,903 "," 	1,474,197 "," 	80,706 ",5," 	1,570,270 "," 	1,496,156 "," 	74,114 ",4.7,1584655,1521190,63465,4.0,"$70,693",104.4
06075,CA,"San Francisco County, CA",1,1,1," 	432,564 "," 	414,199 "," 	18,365 ",4.2," 	456,989 "," 	432,981 "," 	24,008 ",5.3,459432,419546,39886,8.7," 	486,019 "," 	442,695 "," 	43,324 ",8.9," 	494,760 "," 	454,861 "," 	39,899 ",8.1," 	509,444 "," 	474,933 "," 	34,511 ",6.8," 	516,300 "," 	488,121 "," 	28,179 ",5.5," 	529,839 "," 	506,679 "," 	23,160 ",4.4," 	545,704 "," 	525,939 "," 	19,765 ",4," 	560,067 "," 	541,709 "," 	18,358 ",3.3,568722,552223,16499,2.9,"$101,873",150.4
06077,CA,"San Joaquin County, CA",2,2,1," 	288,638 "," 	265,279 "," 	23,359 ",8.1," 	292,848 "," 	262,271 "," 	30,577 ",10.4,297806,253310,44496,14.9," 	311,437 "," 	259,995 "," 	51,442 ",16.5," 	311,363 "," 	260,997 "," 	50,366 ",16.2," 	311,818 "," 	267,059 "," 	44,759 ",14.4," 	313,101 "," 	274,562 "," 	38,539 ",12.3," 	312,782 "," 	279,832 "," 	32,950 ",10.5," 	315,286 "," 	287,278 "," 	28,008 ",9," 	319,513 "," 	293,543 "," 	25,970 ",8.1,324788,302176,22612,7.0,"$59,038",87.2
06079,CA,"San Luis Obispo County, CA",2,2,1," 	134,026 "," 	128,276 "," 	5,750 ",4.3," 	136,402 "," 	128,522 "," 	7,880 ",5.8,136378,124372,12006,8.8," 	133,651 "," 	120,209 "," 	13,442 ",10.1," 	134,374 "," 	121,509 "," 	12,865 ",9.6," 	137,362 "," 	126,037 "," 	11,325 ",8.2," 	138,258 "," 	128,819 "," 	9,439 ",6.8," 	140,565 "," 	132,727 "," 	7,838 ",5.6," 	139,613 "," 	133,029 "," 	6,584 ",5," 	140,300 "," 	134,257 "," 	6,043 ",4.3,142066,136977,5089,3.6,"$69,517",102.7
06081,CA,"San Mateo County, CA",1,1,1," 	369,503 "," 	355,415 "," 	14,088 ",3.8," 	372,360 "," 	354,161 "," 	18,199 ",4.9,374199,343493,30706,8.2," 	393,004 "," 	360,163 "," 	32,841 ",8.4," 	399,859 "," 	369,827 "," 	30,032 ",7.5," 	412,056 "," 	385,661 "," 	26,395 ",6.4," 	418,085 "," 	396,092 "," 	21,993 ",5.3," 	427,907 "," 	409,873 "," 	18,034 ",4.2," 	437,690 "," 	422,826 "," 	14,864 ",3," 	445,445 "," 	431,923 "," 	13,522 ",3.0,452445,440324,12121,2.7,"$107,075",158.1
06083,CA,"Santa Barbara County, CA",2,2,1," 	213,473 "," 	204,163 "," 	9,310 ",4.4," 	218,082 "," 	206,131 "," 	11,951 ",5.5,219990,201872,18118,8.2," 	212,267 "," 	191,680 "," 	20,587 ",9.7," 	213,005 "," 	193,023 "," 	19,982 ",9.4," 	216,005 "," 	197,919 "," 	18,086 ",8.4," 	217,331 "," 	201,680 "," 	15,651 ",7.2," 	218,314 "," 	204,973 "," 	13,341 ",6.1," 	217,769 "," 	206,250 "," 	11,519 ",5," 	216,113 "," 	205,177 "," 	10,936 ",5.1,216954,207213,9741,4.5,"$66,360",98.0
06085,CA,"Santa Clara County, CA",1,1,1," 	843,437 "," 	803,877 "," 	39,560 ",4.7," 	868,908 "," 	816,618 "," 	52,290 ",6.0,874982,782384,92598,10.6," 	926,525 "," 	830,114 "," 	96,411 ",10.4," 	939,851 "," 	852,426 "," 	87,425 ",9.3," 	958,281 "," 	882,982 "," 	75,299 ",7.9," 	971,862 "," 	909,039 "," 	62,823 ",6.5," 	992,221 "," 	941,097 "," 	51,124 ",5.2," 	1,009,804 "," 	967,710 "," 	42,094 ",4," 	1,023,975 "," 	985,073 "," 	38,902 ",3.8,1040558,1007143,33415,3.2,"$110,843",163.7
06087,CA,"Santa Cruz County, CA",2,2,1," 	144,713 "," 	136,158 "," 	8,555 ",5.9," 	146,119 "," 	135,342 "," 	10,777 ",7.4,147664,131302,16362,11.1," 	141,717 "," 	122,872 "," 	18,845 ",13.3," 	141,335 "," 	122,865 "," 	18,470 ",13.1," 	142,063 "," 	125,257 "," 	16,806 ",11.8," 	142,067 "," 	127,466 "," 	14,601 ",10.3," 	142,647 "," 	130,163 "," 	12,484 ",8.8," 	143,426 "," 	132,675 "," 	10,751 ",8," 	143,995 "," 	133,952 "," 	10,043 ",7.0,143802,135648,8154,5.7,"$75,929",112.1
06089,CA,"Shasta County, CA",3,2,1," 	82,540 "," 	76,350 "," 	6,190 ",7.5," 	82,577 "," 	74,257 "," 	8,320 ",10.1,83960,71919,12041,14.3," 	78,503 "," 	65,334 "," 	13,169 ",16.8," 	77,044 "," 	64,762 "," 	12,282 ",15.9," 	76,009 "," 	65,229 "," 	10,780 ",14.2," 	75,285 "," 	66,385 "," 	8,900 ",11.8," 	75,047 "," 	67,830 "," 	7,217 ",9.6," 	74,324 "," 	68,550 "," 	5,774 ",8," 	74,457 "," 	69,265 "," 	5,192 ",7.0,74476,70155,4321,5.8,"$46,663",68.9
06091,CA,"Sierra County, CA",8,7,0," 	1,610 "," 	1,482 ", 	128 ,8.0," 	1,589 "," 	1,421 ", 	168 ,10.6,1595,1357,238,14.9," 	1,611 "," 	1,364 ", 	247 ,15.3," 	1,601 "," 	1,363 ", 	238 ,14.9," 	1,469 "," 	1,258 ", 	211 ,14.4," 	1,452 "," 	1,267 ", 	185 ,12.7," 	1,416 "," 	1,273 ", 	143 ,10.1," 	1,356 "," 	1,237 ", 	119 ,9," 	1,338 "," 	1,236 ", 	102 ,7.6,1301,1216,85,6.5,"$48,099",71.0
06093,CA,"Siskiyou County, CA",6,6,0," 	18,786 "," 	17,192 "," 	1,594 ",8.5," 	19,204 "," 	17,242 "," 	1,962 ",10.2,19631,16835,2796,14.2," 	19,628 "," 	16,325 "," 	3,303 ",16.8," 	19,435 "," 	16,134 "," 	3,301 ",17.0," 	18,876 "," 	15,929 "," 	2,947 ",15.6," 	18,293 "," 	15,888 "," 	2,405 ",13.1," 	18,046 "," 	16,046 "," 	2,000 ",11.1," 	17,920 "," 	16,242 "," 	1,678 ",9," 	17,955 "," 	16,428 "," 	1,527 ",8.5,17963,16662,1301,7.2,"$40,875",60.4
06095,CA,"Solano County, CA",2,2,1," 	208,196 "," 	197,214 "," 	10,982 ",5.3," 	211,059 "," 	196,503 "," 	14,556 ",6.9,214520,192225,22295,10.4," 	202,407 "," 	176,969 "," 	25,438 ",12.6," 	202,241 "," 	177,619 "," 	24,622 ",12.2," 	202,661 "," 	180,984 "," 	21,677 ",10.7," 	203,055 "," 	184,630 "," 	18,425 ",9.1," 	203,266 "," 	187,972 "," 	15,294 ",7.5," 	205,325 "," 	192,736 "," 	12,589 ",6," 	207,909 "," 	196,460 "," 	11,449 ",5.5,209199,199257,9942,4.8,"$73,200",108.1
06097,CA,"Sonoma County, CA",2,2,1," 	257,316 "," 	246,143 "," 	11,173 ",4.3," 	259,633 "," 	244,654 "," 	14,979 ",5.8,256523,232398,24125,9.4," 	244,634 "," 	218,100 "," 	26,534 ",10.8," 	246,171 "," 	220,958 "," 	25,213 ",10.2," 	246,281 "," 	224,462 "," 	21,819 ",8.9," 	249,962 "," 	232,197 "," 	17,765 ",7.1," 	256,742 "," 	242,339 "," 	14,403 ",5.6," 	258,426 "," 	246,837 "," 	11,589 ",5," 	260,108 "," 	249,760 "," 	10,348 ",4.0,262807,253972,8835,3.4,"$73,496",108.5
06099,CA,"Stanislaus County, CA",2,2,1," 	226,889 "," 	207,202 "," 	19,687 ",8.7," 	231,707 "," 	206,012 "," 	25,695 ",11.1,234462,198102,36360,15.5," 	243,274 "," 	202,182 "," 	41,092 ",16.9," 	242,320 "," 	202,360 "," 	39,960 ",16.5," 	241,965 "," 	205,940 "," 	36,025 ",14.9," 	240,987 "," 	209,781 "," 	31,206 ",12.9," 	241,157 "," 	214,219 "," 	26,938 ",11.2," 	241,609 "," 	218,687 "," 	22,922 ",10," 	243,542 "," 	222,557 "," 	20,985 ",8.6,243235,225070,18165,7.5,"$54,060",79.8
06101,CA,"Sutter County, CA",3,2,1," 	40,987 "," 	37,022 "," 	3,965 ",9.7," 	41,058 "," 	35,980 "," 	5,078 ",12.4,41882,34991,6891,16.5," 	45,965 "," 	37,528 "," 	8,437 ",18.4," 	45,939 "," 	37,596 "," 	8,343 ",18.2," 	45,557 "," 	37,901 "," 	7,656 ",16.8," 	44,792 "," 	38,243 "," 	6,549 ",14.6," 	44,394 "," 	38,781 "," 	5,613 ",12.6," 	44,704 "," 	39,914 "," 	4,790 ",11," 	44,571 "," 	40,196 "," 	4,375 ",9.8,45739,41804,3935,8.6,"$51,283",75.7
06103,CA,"Tehama County, CA",4,5,0," 	24,859 "," 	23,061 "," 	1,798 ",7.2," 	25,153 "," 	22,832 "," 	2,321 ",9.2,25344,21887,3457,13.6," 	25,714 "," 	21,754 "," 	3,960 ",15.4," 	25,574 "," 	21,744 "," 	3,830 ",15.0," 	25,248 "," 	21,780 "," 	3,468 ",13.7," 	25,086 "," 	22,171 "," 	2,915 ",11.6," 	25,144 "," 	22,726 "," 	2,418 ",9.6," 	25,076 "," 	23,094 "," 	1,982 ",8," 	25,155 "," 	23,363 "," 	1,792 ",7.1,25598,23968,1630,6.4,"$40,585",59.9
06105,CA,"Trinity County, CA",8,6,0," 	5,024 "," 	4,499 ", 	525 ,10.4," 	4,850 "," 	4,228 ", 	622 ,12.8,4985,4148,837,16.8," 	5,423 "," 	4,501 ", 	922 ,17.0," 	5,385 "," 	4,486 ", 	899 ,16.7," 	5,330 "," 	4,550 ", 	780 ,14.6," 	5,192 "," 	4,572 ", 	620 ,11.9," 	5,182 "," 	4,693 ", 	489 ,9.4," 	5,142 "," 	4,742 ", 	400 ,8," 	5,010 "," 	4,655 ", 	355 ,7.1,4991,4690,301,6.0,"$38,727",57.2
06107,CA,"Tulare County, CA",2,2,1," 	191,568 "," 	173,855 "," 	17,713 ",9.2," 	198,899 "," 	177,353 "," 	21,546 ",10.8,203168,172996,30172,14.9," 	203,021 "," 	168,110 "," 	34,911 ",17.2," 	203,474 "," 	168,687 "," 	34,787 ",17.1," 	201,287 "," 	168,764 "," 	32,523 ",16.2," 	201,053 "," 	172,171 "," 	28,882 ",14.4," 	198,635 "," 	172,550 "," 	26,085 ",13.1," 	204,111 "," 	180,569 "," 	23,542 ",12," 	203,955 "," 	181,145 "," 	22,810 ",11.2,205423,184022,21401,10.4,"$45,768",67.6
06109,CA,"Tuolumne County, CA",4,5,0," 	25,775 "," 	24,176 "," 	1,599 ",6.2," 	25,767 "," 	23,703 "," 	2,064 ",8.0,25724,22594,3130,12.2," 	22,617 "," 	19,173 "," 	3,444 ",15.2," 	22,725 "," 	19,440 "," 	3,285 ",14.5," 	22,315 "," 	19,419 "," 	2,896 ",13.0," 	21,749 "," 	19,406 "," 	2,343 ",10.8," 	21,628 "," 	19,757 "," 	1,871 ",8.7," 	21,578 "," 	20,058 "," 	1,520 ",7," 	21,640 "," 	20,293 "," 	1,347 ",6.2,21477,20319,1158,5.4,"$50,431",74.5
06111,CA,"Ventura County, CA",2,2,1," 	423,062 "," 	402,396 "," 	20,666 ",4.9," 	428,792 "," 	401,777 "," 	27,015 ",6.3,430294,388824,41470,9.6," 	430,010 "," 	383,424 "," 	46,586 ",10.8," 	431,718 "," 	387,495 "," 	44,223 ",10.2," 	434,681 "," 	395,158 "," 	39,523 ",9.1," 	433,914 "," 	399,769 "," 	34,145 ",7.9," 	431,107 "," 	402,455 "," 	28,652 ",6.6," 	428,437 "," 	404,239 "," 	24,198 ",6," 	426,660 "," 	404,382 "," 	22,278 ",5.2,426116,406976,19140,4.5,"$79,470",117.4
06113,CA,"Yolo County, CA",1,1,1," 	97,518 "," 	91,928 "," 	5,590 ",5.7," 	98,299 "," 	91,012 "," 	7,287 ",7.4,98742,87862,10880,11.0," 	102,188 "," 	89,834 "," 	12,354 ",12.1," 	101,806 "," 	89,818 "," 	11,988 ",11.8," 	102,610 "," 	91,689 "," 	10,921 ",10.6," 	101,835 "," 	92,660 "," 	9,175 ",9.0," 	102,474 "," 	94,763 "," 	7,711 ",7.5," 	104,706 "," 	97,963 "," 	6,743 ",6," 	106,367 "," 	100,096 "," 	6,271 ",5.9,107775,102373,5402,5.0,"$63,645",94.0
06115,CA,"Yuba County, CA",3,2,1," 	27,345 "," 	24,813 "," 	2,532 ",9.3," 	27,700 "," 	24,396 "," 	3,304 ",11.9,28348,23574,4774,16.8," 	29,064 "," 	23,902 "," 	5,162 ",17.8," 	28,948 "," 	24,035 "," 	4,913 ",17.0," 	28,832 "," 	24,395 "," 	4,437 ",15.4," 	28,250 "," 	24,531 "," 	3,719 ",13.2," 	27,962 "," 	24,829 "," 	3,133 ",11.2," 	27,881 "," 	25,301 "," 	2,580 ",9," 	28,148 "," 	25,715 "," 	2,433 ",8.6,28546,26421,2125,7.4,"$46,054",68.0
